{
    "clear": {
        "": {
            "metrics": {
                "NDCG": {
                    "NDCG@1": 0.62889,
                    "NDCG@3": 0.67557,
                    "NDCG@5": 0.68731,
                    "NDCG@10": 0.69775,
                    "NDCG@100": 0.72031,
                    "NDCG@1000": 0.72921
                },
                "MAP": {
                    "MAP@1": 0.62889,
                    "MAP@3": 0.66399,
                    "MAP@5": 0.67049,
                    "MAP@10": 0.67473,
                    "MAP@100": 0.67929,
                    "MAP@1000": 0.6796
                },
                "Recall": {
                    "Recall@1": 0.62889,
                    "Recall@3": 0.70913,
                    "Recall@5": 0.73771,
                    "Recall@10": 0.77031,
                    "Recall@100": 0.87663,
                    "Recall@1000": 0.94784
                },
                "Precision": {
                    "P@1": 0.62889,
                    "P@3": 0.23638,
                    "P@5": 0.14754,
                    "P@10": 0.07703,
                    "P@100": 0.00877,
                    "P@1000": 0.00095
                }
            }
        }
    }
}